arrival_time,priority,memory,io,burst_time
0,1,120,10,7
1,2,100,20,9
2,3,80,15,6
3,2,90,5,5
4,1,140,30,11
5,3,70,10,5
6,2,110,25,9
7,1,160,35,13
8,3,60,5,4
9,2,130,20,10
10,1,150,40,14
11,3,75,8,5
12,2,105,18,8
13,1,180,45,16
14,3,65,12,5
15,2,115,22,9
16,1,145,32,12
17,3,85,10,6
18,2,125,25,10
19,1,170,38,15
20,3,72,7,5
21,2,108,20,8
22,1,155,35,13
23,3,90,15,6
24,2,118,24,9
25,1,165,42,15
26,3,68,9,5
27,2,112,21,9
28,1,135,28,11
29,3,78,13,5
30,2,128,27,10
31,1,175,40,15
32,3,82,11,6
33,2,102,19,8
34,1,148,33,12
35,3,74,8,5
36,2,122,23,9
37,1,158,37,14
38,3,88,14,6
39,2,116,26,9
40,1,168,43,15
41,3,66,6,5
42,2,104,17,8
43,1,142,31,12
44,3,76,10,5
45,2,126,22,10
46,1,178,41,16
47,3,84,12,6
48,2,114,20,9
49,1,152,34,13